EDGAR name, Filing Date, Link, ID
DUPREE MUTUAL FUNDS (0000311101) (Filer),2020-01-17T12:27:57-05:00,https://www.sec.gov/Archives/edgar/data/311101/000114554920001741/0001145549-20-001741-index.htm,urn:tag:sec.gov2008:accession-number=0001145549-20-001741
DUPREE MUTUAL FUNDS (0000311101) (Filer),2020-01-17T12:27:49-05:00,https://www.sec.gov/Archives/edgar/data/311101/000114554920001740/0001145549-20-001740-index.htm,urn:tag:sec.gov2008:accession-number=0001145549-20-001740
DUPREE MUTUAL FUNDS (0000311101) (Filer),2020-01-17T12:27:44-05:00,https://www.sec.gov/Archives/edgar/data/311101/000114554920001739/0001145549-20-001739-index.htm,urn:tag:sec.gov2008:accession-number=0001145549-20-001739
DUPREE MUTUAL FUNDS (0000311101) (Filer),2020-01-17T12:27:40-05:00,https://www.sec.gov/Archives/edgar/data/311101/000114554920001738/0001145549-20-001738-index.htm,urn:tag:sec.gov2008:accession-number=0001145549-20-001738
DUPREE MUTUAL FUNDS (0000311101) (Filer),2020-01-17T12:27:36-05:00,https://www.sec.gov/Archives/edgar/data/311101/000114554920001737/0001145549-20-001737-index.htm,urn:tag:sec.gov2008:accession-number=0001145549-20-001737
DUPREE MUTUAL FUNDS (0000311101) (Filer),2020-01-17T12:27:29-05:00,https://www.sec.gov/Archives/edgar/data/311101/000114554920001736/0001145549-20-001736-index.htm,urn:tag:sec.gov2008:accession-number=0001145549-20-001736
DUPREE MUTUAL FUNDS (0000311101) (Filer),2020-01-17T12:27:25-05:00,https://www.sec.gov/Archives/edgar/data/311101/000114554920001735/0001145549-20-001735-index.htm,urn:tag:sec.gov2008:accession-number=0001145549-20-001735
DUPREE MUTUAL FUNDS (0000311101) (Filer),2020-01-17T12:27:19-05:00,https://www.sec.gov/Archives/edgar/data/311101/000114554920001734/0001145549-20-001734-index.htm,urn:tag:sec.gov2008:accession-number=0001145549-20-001734
DUPREE MUTUAL FUNDS (0000311101) (Filer),2020-01-17T12:27:15-05:00,https://www.sec.gov/Archives/edgar/data/311101/000114554920001733/0001145549-20-001733-index.htm,urn:tag:sec.gov2008:accession-number=0001145549-20-001733
DUPREE MUTUAL FUNDS (0000311101) (Filer),2020-01-17T12:27:10-05:00,https://www.sec.gov/Archives/edgar/data/311101/000114554920001732/0001145549-20-001732-index.htm,urn:tag:sec.gov2008:accession-number=0001145549-20-001732
LORD ABBETT INVESTMENT TRUST (0000911507) (Filer),2020-01-22T13:15:39-05:00,https://www.sec.gov/Archives/edgar/data/911507/000175272420007700/0001752724-20-007700-index.htm,urn:tag:sec.gov2008:accession-number=0001752724-20-007700
LORD ABBETT RESEARCH FUND INC (0000887194) (Filer),2020-01-22T13:15:39-05:00,https://www.sec.gov/Archives/edgar/data/887194/000175272420007701/0001752724-20-007701-index.htm,urn:tag:sec.gov2008:accession-number=0001752724-20-007701
LORD ABBETT INVESTMENT TRUST (0000911507) (Filer),2020-01-22T13:15:37-05:00,https://www.sec.gov/Archives/edgar/data/911507/000175272420007699/0001752724-20-007699-index.htm,urn:tag:sec.gov2008:accession-number=0001752724-20-007699
LORD ABBETT INVESTMENT TRUST (0000911507) (Filer),2020-01-22T13:15:35-05:00,https://www.sec.gov/Archives/edgar/data/911507/000175272420007698/0001752724-20-007698-index.htm,urn:tag:sec.gov2008:accession-number=0001752724-20-007698
LORD ABBETT INVESTMENT TRUST (0000911507) (Filer),2020-01-22T13:15:31-05:00,https://www.sec.gov/Archives/edgar/data/911507/000175272420007697/0001752724-20-007697-index.htm,urn:tag:sec.gov2008:accession-number=0001752724-20-007697
LORD ABBETT INVESTMENT TRUST (0000911507) (Filer),2020-01-22T13:15:26-05:00,https://www.sec.gov/Archives/edgar/data/911507/000175272420007696/0001752724-20-007696-index.htm,urn:tag:sec.gov2008:accession-number=0001752724-20-007696
LORD ABBETT INVESTMENT TRUST (0000911507) (Filer),2020-01-22T13:15:23-05:00,https://www.sec.gov/Archives/edgar/data/911507/000175272420007692/0001752724-20-007692-index.htm,urn:tag:sec.gov2008:accession-number=0001752724-20-007692
LORD ABBETT RESEARCH FUND INC (0000887194) (Filer),2020-01-22T13:15:21-05:00,https://www.sec.gov/Archives/edgar/data/887194/000175272420007695/0001752724-20-007695-index.htm,urn:tag:sec.gov2008:accession-number=0001752724-20-007695
LORD ABBETT INVESTMENT TRUST (0000911507) (Filer),2020-01-22T13:15:18-05:00,https://www.sec.gov/Archives/edgar/data/911507/000175272420007694/0001752724-20-007694-index.htm,urn:tag:sec.gov2008:accession-number=0001752724-20-007694
LORD ABBETT INVESTMENT TRUST (0000911507) (Filer),2020-01-22T13:15:15-05:00,https://www.sec.gov/Archives/edgar/data/911507/000175272420007693/0001752724-20-007693-index.htm,urn:tag:sec.gov2008:accession-number=0001752724-20-007693
LORD ABBETT INVESTMENT TRUST (0000911507) (Filer),2020-01-22T13:15:13-05:00,https://www.sec.gov/Archives/edgar/data/911507/000175272420007691/0001752724-20-007691-index.htm,urn:tag:sec.gov2008:accession-number=0001752724-20-007691
LORD ABBETT RESEARCH FUND INC (0000887194) (Filer),2020-01-22T13:15:06-05:00,https://www.sec.gov/Archives/edgar/data/887194/000175272420007690/0001752724-20-007690-index.htm,urn:tag:sec.gov2008:accession-number=0001752724-20-007690
LORD ABBETT INVESTMENT TRUST (0000911507) (Filer),2020-01-22T13:15:04-05:00,https://www.sec.gov/Archives/edgar/data/911507/000175272420007689/0001752724-20-007689-index.htm,urn:tag:sec.gov2008:accession-number=0001752724-20-007689
LORD ABBETT INVESTMENT TRUST (0000911507) (Filer),2020-01-22T13:16:01-05:00,https://www.sec.gov/Archives/edgar/data/911507/000175272420007705/0001752724-20-007705-index.htm,urn:tag:sec.gov2008:accession-number=0001752724-20-007705
LORD ABBETT INVESTMENT TRUST (0000911507) (Filer),2020-01-22T13:15:56-05:00,https://www.sec.gov/Archives/edgar/data/911507/000175272420007704/0001752724-20-007704-index.htm,urn:tag:sec.gov2008:accession-number=0001752724-20-007704
LORD ABBETT INVESTMENT TRUST (0000911507) (Filer),2020-01-22T13:15:54-05:00,https://www.sec.gov/Archives/edgar/data/911507/000175272420007703/0001752724-20-007703-index.htm,urn:tag:sec.gov2008:accession-number=0001752724-20-007703
LORD ABBETT INVESTMENT TRUST (0000911507) (Filer),2020-01-22T13:15:54-05:00,https://www.sec.gov/Archives/edgar/data/911507/000175272420007702/0001752724-20-007702-index.htm,urn:tag:sec.gov2008:accession-number=0001752724-20-007702
EATON VANCE GROWTH TRUST (0000102816) (Filer),2020-01-22T13:30:48-05:00,https://www.sec.gov/Archives/edgar/data/102816/000175272420007712/0001752724-20-007712-index.htm,urn:tag:sec.gov2008:accession-number=0001752724-20-007712
Eaton Vance Floating-Rate Income Plus Fund (0001573698) (Filer),2020-01-22T13:30:47-05:00,https://www.sec.gov/Archives/edgar/data/1573698/000175272420007711/0001752724-20-007711-index.htm,urn:tag:sec.gov2008:accession-number=0001752724-20-007711
EATON VANCE MUNICIPAL INCOME TRUST (0001074540) (Filer),2020-01-22T13:30:43-05:00,https://www.sec.gov/Archives/edgar/data/1074540/000175272420007710/0001752724-20-007710-index.htm,urn:tag:sec.gov2008:accession-number=0001752724-20-007710
EATON VANCE CALIFORNIA MUNICIPAL INCOME TRUST (0001074692) (Filer),2020-01-22T13:30:38-05:00,https://www.sec.gov/Archives/edgar/data/1074692/000175272420007709/0001752724-20-007709-index.htm,urn:tag:sec.gov2008:accession-number=0001752724-20-007709
EATON VANCE GROWTH TRUST (0000102816) (Filer),2020-01-22T13:30:36-05:00,https://www.sec.gov/Archives/edgar/data/102816/000175272420007708/0001752724-20-007708-index.htm,urn:tag:sec.gov2008:accession-number=0001752724-20-007708
Eaton Vance Floating-Rate Income Trust (0001288992) (Filer),2020-01-22T13:30:54-05:00,https://www.sec.gov/Archives/edgar/data/1288992/000175272420007713/0001752724-20-007713-index.htm,urn:tag:sec.gov2008:accession-number=0001752724-20-007713
EATON VANCE NEW YORK MUNICIPAL INCOME TRUST (0001074685) (Filer),2020-01-22T13:30:53-05:00,https://www.sec.gov/Archives/edgar/data/1074685/000175272420007714/0001752724-20-007714-index.htm,urn:tag:sec.gov2008:accession-number=0001752724-20-007714
Stone Harbor Investment Funds (0001391673) (Filer),2020-01-22T16:08:42-05:00,https://www.sec.gov/Archives/edgar/data/1391673/000175272420007867/0001752724-20-007867-index.htm,urn:tag:sec.gov2008:accession-number=0001752724-20-007867
Stone Harbor Emerging Markets Income Fund (0001501103) (Filer),2020-01-22T16:08:39-05:00,https://www.sec.gov/Archives/edgar/data/1501103/000175272420007866/0001752724-20-007866-index.htm,urn:tag:sec.gov2008:accession-number=0001752724-20-007866
Stone Harbor Investment Funds (0001391673) (Filer),2020-01-22T16:08:35-05:00,https://www.sec.gov/Archives/edgar/data/1391673/000175272420007865/0001752724-20-007865-index.htm,urn:tag:sec.gov2008:accession-number=0001752724-20-007865
Stone Harbor Investment Funds (0001391673) (Filer),2020-01-22T16:08:32-05:00,https://www.sec.gov/Archives/edgar/data/1391673/000175272420007864/0001752724-20-007864-index.htm,urn:tag:sec.gov2008:accession-number=0001752724-20-007864
Stone Harbor Emerging Markets Total Income Fund (0001551040) (Filer),2020-01-22T16:08:30-05:00,https://www.sec.gov/Archives/edgar/data/1551040/000175272420007863/0001752724-20-007863-index.htm,urn:tag:sec.gov2008:accession-number=0001752724-20-007863
Stone Harbor Investment Funds (0001391673) (Filer),2020-01-22T16:08:27-05:00,https://www.sec.gov/Archives/edgar/data/1391673/000175272420007862/0001752724-20-007862-index.htm,urn:tag:sec.gov2008:accession-number=0001752724-20-007862
Stone Harbor Investment Funds (0001391673) (Filer),2020-01-22T16:08:51-05:00,https://www.sec.gov/Archives/edgar/data/1391673/000175272420007870/0001752724-20-007870-index.htm,urn:tag:sec.gov2008:accession-number=0001752724-20-007870
Stone Harbor Investment Funds (0001391673) (Filer),2020-01-22T16:08:49-05:00,https://www.sec.gov/Archives/edgar/data/1391673/000175272420007869/0001752724-20-007869-index.htm,urn:tag:sec.gov2008:accession-number=0001752724-20-007869
Stone Harbor Investment Funds (0001391673) (Filer),2020-01-22T16:08:45-05:00,https://www.sec.gov/Archives/edgar/data/1391673/000175272420007868/0001752724-20-007868-index.htm,urn:tag:sec.gov2008:accession-number=0001752724-20-007868
TRUST FOR PROFESSIONAL MANAGERS (0001141819) (Filer),2020-01-22T16:32:15-05:00,https://www.sec.gov/Archives/edgar/data/1141819/000114554920001855/0001145549-20-001855-index.htm,urn:tag:sec.gov2008:accession-number=0001145549-20-001855
Voya PRIME RATE TRUST (0000826020) (Filer),2020-01-22T16:43:53-05:00,https://www.sec.gov/Archives/edgar/data/826020/000175272420007877/0001752724-20-007877-index.htm,urn:tag:sec.gov2008:accession-number=0001752724-20-007877
Voya SENIOR INCOME FUND (0001124959) (Filer),2020-01-22T16:43:49-05:00,https://www.sec.gov/Archives/edgar/data/1124959/000175272420007876/0001752724-20-007876-index.htm,urn:tag:sec.gov2008:accession-number=0001752724-20-007876
